SL.NO,Array Length(n),Ordered Array,Reverse Ordered Array,Partially Ordered Array,Random Array,Mean Time
1,1000,0.7333333333333333,2.566666666666667,2.2333333333333334,1.3,1.7083333333333333,
2,2000,0.3333333333333333,9.833333333333334,8.333333333333334,4.066666666666666,5.641666666666667,
3,4000,0.3333333333333333,33.53333333333333,27.033333333333335,17.3,19.55,
4,8000,0.23333333333333334,131.36666666666667,92.26666666666667,57.733333333333334,70.4,
